<?xml version="1.0" encoding="UTF-8"?>
<project-private xmlns="http://www.netbeans.org/ns/project-private/1">
    <editor-bookmarks xmlns="http://www.netbeans.org/ns/editor-bookmarks/2" lastBookmarkId="0"/>
    <open-files xmlns="http://www.netbeans.org/ns/projectui-open-files/2">
        <group>
            <file>file:/D:/netbeans%206/Barber%20Shop/Barber%20Shop/web/welcome.html</file>
            <file>file:/D:/netbeans%206/Barber%20Shop/Barber%20Shop/web/welcome_1.html</file>
            <file>file:/D:/netbeans%206/Barber%20Shop/Barber%20Shop/web/BookingController.jsp</file>
            <file>file:/D:/netbeans%206/Barber%20Shop/Barber%20Shop/web/DisplayShop.jsp</file>
            <file>file:/D:/netbeans%206/Barber%20Shop/Barber%20Shop/web/newjsp2.jsp</file>
            <file>file:/D:/netbeans%206/Barber%20Shop/Barber%20Shop/web/script.js</file>
            <file>file:/D:/netbeans%206/Barber%20Shop/Barber%20Shop/src/java/Barber_shop/Shop.java</file>
            <file>file:/D:/netbeans%206/Barber%20Shop/Barber%20Shop/web/ShopList.jsp</file>
        </group>
    </open-files>
</project-private>
